year,playerid,name,votes
1975,fraziwa01,Walt Frazier,91621
1975,monroea01,Earl Monroe,52637
1975,whitejo01,Jo Jo White,49346
1975,digreer01,Ernie DiGregorio,37366
1975,maravpe01,Pete Maravich,26594
1975,cheniph01,Phil Chenier,20491
1975,smithra01,Randy Smith,16029
1975,chanedo01,Don Chaney,15315
1975,murphca01,Calvin Murphy,10561
1975,carrau01,Austin Carr,9875
1975,havlijo01,John Havlicek,87715
1975,hayesel01,Elvin Hayes,52444
1975,mcmilji01,Jim McMillian,36856
1975,silaspa01,Paul Silas,34145
1975,bradlbi01,Bill Bradley,28000
1975,heardga01,Gar Heard,21624
1975,hudsolo01,Lou Hudson,16995
1975,tomjaru01,Rudy Tomjanovich,14017
1975,jacksph01,Phil Jackson,13995
1975,riordmi01,Mike Riordan,10866
1975,mcadobo01,Bob McAdoo,98325
1975,cowenda01,Dave Cowens,62156
1975,unselwe01,Wes Unseld,13983
1975,leecl01,Clyde Lee,4873
1975,pattest01,Steve Patterson,3680
1975,goodrga01,Gail Goodrich,58986
1975,architi01,Tiny Archibald,46724
1975,scottch01,Charlie Scott,40736
1975,allenlu01,Lucius Allen,34339
1975,bingda01,Dave Bing,31951
1975,priceji01,Jim Price,28120
1975,vanardi01,Dick Van Arsdale,19395
1975,vanlino01,Norm Van Lier,17373
1975,sloanje01,Jerry Sloan,13494
1975,petrige01,Geoff Petrie,13015
1975,barryri01,Rick Barry,60547
1975,haywosp01,Spencer Haywood,50302
1975,dandrbo01,Bob Dandridge,36318
1975,hawkico01,Connie Hawkins,28263
1975,lovebo01,Bob Love,27917
1975,wickssi01,Sidney Wicks,25527
1975,erickke01,Keith Erickson,23171
1975,perrycu01,Curtis Perry,22574
1975,hairsha01,Happy Hairston,18934
1975,walkech01,Chet Walker,14229
1975,abdulka01,Kareem Abdul-Jabbar,77832
1975,laniebo01,Bob Lanier,65917
1975,thurmna01,Nate Thurmond,14229
1975,raycl01,Clifford Ray,8161
1975,smithel01,Elmore Smith,5215
1976,fraziwa01,Walt Frazier,118303
1976,bingda01,Dave Bing,75836
1976,maravpe01,Pete Maravich,70395
1976,whitejo01,Jo Jo White,61208
1976,cheniph01,Phil Chenier,48457
1976,digreer01,Ernie DiGregorio,46315
1976,smithra01,Randy Smith,42916
1976,murphca01,Calvin Murphy,42786
1976,havlijo01,John Havlicek,135273
1976,hayesel01,Elvin Hayes,124035
1976,drewjo01,John Drew,73609
1976,mcmilji01,Jim McMillian,56621
1976,tomjaru01,Rudy Tomjanovich,43524
1976,haywosp01,Spencer Haywood,41062
1976,heardga01,Gar Heard,37902
1976,silaspa01,Paul Silas,34368
1976,mcadobo01,Bob McAdoo,131729
1976,cowenda01,Dave Cowens,75311
1976,mcginge01,George McGinnis,59750
1976,choneji01,Jim Chones,32753
1976,unselwe01,Wes Unseld,22238
1976,wintebr01,Brian Winters,108863
1976,architi01,Tiny Archibald,98772
1976,priceji01,Jim Price,90862
1976,porteke01,Kevin Porter,63813
1976,westppa01,Paul Westphal,63744
1976,vanardi01,Dick Van Arsdale,55609
1976,mengejo01,John Mengelt,38223
1976,goodrga01,Gail Goodrich,38206
1976,brownfr01,Fred Brown,35585
1976,petrige01,Geoff Petrie,34143
1976,barryri01,Rick Barry,135471
1976,dandrbo01,Bob Dandridge,112093
1976,meyerda01,Dave Meyers,103322
1976,perrycu01,Curtis Perry,56312
1976,rowecu01,Curtis Rowe,46994
1976,wilkeja01,Jamaal Wilkes,46882
1976,abdulka01,Kareem Abdul-Jabbar,101932
1976,smithel01,Elmore Smith,89207
1976,laniebo01,Bob Lanier,78011
1976,adamsal01,Alvan Adams,63224
1976,laceysa01,Sam Lacey,25084
1977,maravpe01,Pete Maravich,235541
1977,collido01,Doug Collins,125173
1977,architi01,Tiny Archibald,114344
1977,galemi01,Mike Gale,107955
1977,silasja01,James Silas,104600
1977,fraziwa01,Walt Frazier,103379
1977,calvima01,Mack Calvin,101590
1977,snydedi01,Dick Snyder,98996
1977,cleamji01,Jim Cleamons,85424
1977,whitejo01,Jo Jo White,76552
1977,ervinju01,Julius Erving,310517
1977,mcginge01,George McGinnis,244829
1977,havlijo01,John Havlicek,187610
1977,gervige01,George Gervin,128130
1977,kenonla01,Larry Kenon,115045
1977,dantlad01,Adrian Dantley,93278
1977,breweji01,Jim Brewer,80794
1977,grayle01,Leonard Gray,70030
1977,smithbi02,Bingo Smith,67349
1977,hayesel01,Elvin Hayes,65963
1977,mcadobo01,Bob McAdoo,277943
1977,paultbi01,Billy Paultz,116877
1977,choneji01,Jim Chones,111392
1977,cowenda01,Dave Cowens,84776
1977,unselwe01,Wes Unseld,62713
1977,westppa01,Paul Westphal,163173
1977,vanlino01,Norm Van Lier,134411
1977,wattssl01,Slick Watts,130211
1977,simpsra01,Ralph Simpson,106156
1977,brownfr01,Fred Brown,97855
1977,busedo01,Don Buse,94376
1977,porteke01,Kevin Porter,82402
1977,wintebr01,Brian Winters,75596
1977,smithph01,Phil Smith,66616
1977,hollili01,Lionel Hollins,62809
1977,thompda01,David Thompson,319047
1977,barryri01,Rick Barry,179453
1977,jonesbo01,Bobby Jones,164892
1977,knighbi01,Billy Knight,103903
1977,lucasma01,Maurice Lucas,102624
1977,sealsbr01,Bruce Seals,80192
1977,dandrbo01,Bob Dandridge,79632
1977,johnsmi01,Mickey Johnson,71948
1977,heardga01,Gar Heard,60955
1977,wilkeja01,Jamaal Wilkes,59857
1977,isselda01,Dan Issel,182585
1977,abdulka01,Kareem Abdul-Jabbar,146426
1977,waltobi01,Bill Walton,134621
1977,gilmoar01,Artis Gilmore,103931
1977,laniebo01,Bob Lanier,70700
1978,maravpe01,Pete Maravich,309987
1978,collido01,Doug Collins,216085
1978,fraziwa01,Walt Frazier,201121
1978,gervige01,George Gervin,201108
1978,knighbi01,Billy Knight,78091
1978,whitejo01,Jo Jo White,74864
1978,monroea01,Earl Monroe,74776
1978,carrau01,Austin Carr,65608
1978,lucasjo01,John Lucas,64442
1978,architi01,Tiny Archibald,59825
1978,ervinju01,Julius Erving,396503
1978,kenonla01,Larry Kenon,229322
1978,mcginge01,George McGinnis,146256
1978,malonmo01,Moses Malone,141734
1978,havlijo01,John Havlicek,100650
1978,russeca02,Campy Russell,97325
1978,robintr01,Truck Robinson,77349
1978,hayesel01,Elvin Hayes,76936
1978,tomjaru01,Rudy Tomjanovich,69723
1978,breweji01,Jim Brewer,54691
1978,cowenda01,Dave Cowens,222109
1978,mcadobo01,Bob McAdoo,214834
1978,paultbi01,Billy Paultz,198017
1978,kupchmi01,Mitch Kupchak,77365
1978,jonesca01,Caldwell Jones,62128
1978,thompda01,David Thompson,321454
1978,westppa01,Paul Westphal,264006
1978,hollili01,Lionel Hollins,179713
1978,vanlino01,Norm Van Lier,172482
1978,taylobr01,Brian Taylor,145172
1978,twardda01,Dave Twardzik,116107
1978,leero01,Ron Lee,97625
1978,wintebr01,Brian Winters,64522
1978,bucknqu01,Quinn Buckner,59361
1978,allenlu01,Lucius Allen,53537
1978,lucasma01,Maurice Lucas,307461
1978,barryri01,Rick Barry,228413
1978,jonesbo01,Bobby Jones,214430
1978,johnsmi01,Mickey Johnson,192369
1978,grossbo01,Bob Gross,167425
1978,maysc01,Scott May,161589
1978,heardga01,Gar Heard,105065
1978,wilkeja01,Jamaal Wilkes,76613
1978,dantlad01,Adrian Dantley,72990
1978,bantomi01,Mike Bantom,46337
1978,waltobi01,Bill Walton,286995
1978,gilmoar01,Artis Gilmore,180882
1978,abdulka01,Kareem Abdul-Jabbar,169477
1978,isselda01,Dan Issel,167626
1978,adamsal01,Alvan Adams,123963
1979,gervige01,George Gervin,427540
1979,maravpe01,Pete Maravich,252793
1979,murphca01,Calvin Murphy,235528
1979,collido01,Doug Collins,231492
1979,galemi01,Mike Gale,172290
1979,greveke01,Kevin Grevey,169011
1979,porteke01,Kevin Porter,94546
1979,walkefo01,Foots Walker,90262
1979,goodrga01,Gail Goodrich,78354
1979,architi01,Tiny Archibald,76967
1979,ervinju01,Julius Erving,343161
1979,tomjaru01,Rudy Tomjanovich,218808
1979,kenonla01,Larry Kenon,207437
1979,barryri01,Rick Barry,203729
1979,hayesel01,Elvin Hayes,201997
1979,russeca02,Campy Russell,132961
1979,dandrbo01,Bob Dandridge,131230
1979,jonesbo01,Bobby Jones,93998
1979,mcadobo01,Bob McAdoo,91539
1979,choneji01,Jim Chones,77414
1979,malonmo01,Moses Malone,202490
1979,paultbi01,Billy Paultz,154027
1979,laniebo01,Bob Lanier,130633
1979,unselwe01,Wes Unseld,120699
1979,cowenda01,Dave Cowens,119719
1979,thompda01,David Thompson,321681
1979,westppa01,Paul Westphal,251829
1979,birdsot01,Otis Birdsong,144173
1979,hollili01,Lionel Hollins,129131
1979,nixonno01,Norm Nixon,127407
1979,scottch01,Charlie Scott,127296
1979,johnsde01,Dennis Johnson,121551
1979,wintebr01,Brian Winters,109153
1979,davisjo01,Johnny Davis,88420
1979,brownfr01,Fred Brown,75750
1979,johnsma01,Marques Johnson,282063
1979,mcginge01,George McGinnis,264076
1979,lucasma01,Maurice Lucas,212689
1979,dantlad01,Adrian Dantley,147358
1979,daviswa03,Walter Davis,118546
1979,robinbi01,Bill Robinzine,110056
1979,grossbo01,Bob Gross,90212
1979,wedmasc01,Scott Wedman,88209
1979,sikmaja01,Jack Sikma,86699
1979,johnsmi01,Mickey Johnson,77557
1979,abdulka01,Kareem Abdul-Jabbar,298480
1979,gilmoar01,Artis Gilmore,193166
1979,isselda01,Dan Issel,145332
1979,edwarja01,James Edwards,76721
1979,waltobi01,Bill Walton,72618
1980,gervige01,George Gervin,286463
1980,johnsed02,Eddie Johnson,149678
1980,hillar01,Armond Hill,132288
1980,porteke01,Kevin Porter,127167
1980,silasja01,James Silas,116492
1980,ervinju01,Julius Erving,180160
1980,drewjo01,John Drew,133317
1980,roundda01,Dan Roundfield,126006
1980,birdla01,Larry Bird,114485
1980,kenonla01,Larry Kenon,106100
1980,malonmo01,Moses Malone,184410
1980,dawkida01,Darryl Dawkins,135372
1980,cowenda01,Dave Cowens,117331
1980,johnsma02,Magic Johnson,185754
1980,freewo01,World B. Free,155836
1980,johnsde01,Dennis Johnson,129664
1980,westppa01,Paul Westphal,127409
1980,willigu01,Gus Williams,121107
1980,johnsma01,Marques Johnson,158253
1980,dantlad01,Adrian Dantley,145724
1980,sheltlo01,Lonnie Shelton,120636
1980,daviswa03,Walter Davis,100546
1980,lucasma01,Maurice Lucas,84165
1980,abdulka01,Kareem Abdul-Jabbar,201621
1980,sikmaja01,Jack Sikma,134474
1980,isselda01,Dan Issel,72818
1981,johnsed02,Eddie Johnson,258862
1981,theusre01,Reggie Theus,237209
1981,architi01,Tiny Archibald,164234
1981,wintebr01,Brian Winters,153602
1981,cheekma01,Maurice Cheeks,153262
1981,ervinju01,Julius Erving,304600
1981,roundda01,Dan Roundfield,253710
1981,drewjo01,John Drew,221470
1981,johnsma01,Marques Johnson,216801
1981,greenda01,Dave Greenwood,199607
1981,gilmoar01,Artis Gilmore,240191
1981,rollitr01,Tree Rollins,235974
1981,laniebo01,Bob Lanier,148470
1981,westppa01,Paul Westphal,250840
1981,gervige01,George Gervin,209549
1981,griffda01,Darrell Griffith,138481
1981,thompda01,David Thompson,126257
1981,johnsde01,Dennis Johnson,123287
1981,dantlad01,Adrian Dantley,256837
1981,daviswa03,Walter Davis,172479
1981,englial01,Alex English,169466
1981,reidro01,Robert Reid,143240
1981,wedmasc01,Scott Wedman,128832
1981,abdulka01,Kareem Abdul-Jabbar,265200
1981,sikmaja01,Jack Sikma,224047
1981,malonmo01,Moses Malone,136014
1982,thomais01,Isiah Thomas,367969
1982,architi01,Tiny Archibald,253282
1982,theusre01,Reggie Theus,235586
1982,moncrsi01,Sidney Moncrief,215065
1982,longjo01,John Long,167065
1982,ervinju01,Julius Erving,432230
1982,birdla01,Larry Bird,380485
1982,drewjo01,John Drew,207493
1982,roundda01,Dan Roundfield,194187
1982,bensoke01,Kent Benson,148646
1982,gilmoar01,Artis Gilmore,270313
1982,dawkida01,Darryl Dawkins,245124
1982,laniebo01,Bob Lanier,152512
1982,rollitr01,Tree Rollins,128939
1982,hawesst01,Steve Hawes,102297
1982,gervige01,George Gervin,343977
1982,willigu01,Gus Williams,245373
1982,brownfr01,Fred Brown,222957
1982,johnsde01,Dennis Johnson,220914
1982,johnsma02,Magic Johnson,212518
1982,dantlad01,Adrian Dantley,237272
1982,sheltlo01,Lonnie Shelton,234330
1982,hayesel01,Elvin Hayes,194443
1982,aguirma01,Mark Aguirre,189063
1982,kingbe01,Bernard King,188213
1982,abdulka01,Kareem Abdul-Jabbar,283821
1982,malonmo01,Moses Malone,216802
1982,sikmaja01,Jack Sikma,215447
1982,adamsal01,Alvan Adams,134441
1982,johnsge02,George Johnson,121136
1983,thomais01,Isiah Thomas,484039
1983,cheekma01,Maurice Cheeks,407325
1983,theusre01,Reggie Theus,385788
1983,moncrsi01,Sidney Moncrief,353681
1983,toneyan01,Andrew Toney,294567
1983,ervinju01,Julius Erving,707012
1983,birdla01,Larry Bird,419327
1983,roundda01,Dan Roundfield,331637
1983,tripuke01,Kelly Tripucka,292021
1983,johnsma01,Marques Johnson,290236
1983,malonmo01,Moses Malone,687741
1983,rollitr01,Tree Rollins,298447
1983,laniebo01,Bob Lanier,179454
1983,parisro01,Robert Parish,166460
1983,laimbbi01,Bill Laimbeer,143825
1983,johnsma02,Magic Johnson,578795
1983,thompda01,David Thompson,387844
1983,gervige01,George Gervin,380778
1983,willigu01,Gus Williams,330520
1983,johnsde01,Dennis Johnson,306470
1983,lucasma01,Maurice Lucas,431288
1983,englial01,Alex English,404577
1983,dantlad01,Adrian Dantley,339231
1983,sheltlo01,Lonnie Shelton,307946
1983,wilkeja01,Jamaal Wilkes,283598
1983,abdulka01,Kareem Abdul-Jabbar,545568
1983,sikmaja01,Jack Sikma,416514
1983,isselda01,Dan Issel,257429
1983,thompmy01,Mychal Thompson,209121
1983,gilmoar01,Artis Gilmore,190342
1984,moncrsi01,Sidney Moncrief,574926
1984,thomais01,Isiah Thomas,527370
1984,cheekma01,Maurice Cheeks,435041
1984,johnsde01,Dennis Johnson,392667
1984,davisjo01,Johnny Davis,323926
1984,ervinju01,Julius Erving,779932
1984,birdla01,Larry Bird,598705
1984,tripuke01,Kelly Tripucka,390881
1984,johnsma01,Marques Johnson,283630
1984,maxwece01,Cedric Maxwell,260577
1984,malonmo01,Moses Malone,927779
1984,rollitr01,Tree Rollins,264448
1984,laimbbi01,Bill Laimbeer,200733
1984,parisro01,Robert Parish,200426
1984,mchalke01,Kevin McHale,154963
1984,johnsma02,Magic Johnson,788954
1984,gervige01,George Gervin,648607
1984,greenri01,Rickey Green,418050
1984,nixonno01,Norm Nixon,384502
1984,griffda01,Darrell Griffith,309979
1984,englial01,Alex English,510853
1984,dantlad01,Adrian Dantley,422060
1984,vandeki01,Kiki Vandeweghe,398372
1984,drewjo01,John Drew,303370
1984,lucasma01,Maurice Lucas,302258
1984,abdulka01,Kareem Abdul-Jabbar,459088
1984,sampsra01,Ralph Sampson,457271
1984,gilmoar01,Artis Gilmore,345352
1984,isselda01,Dan Issel,327147
1984,sikmaja01,Jack Sikma,228578
1985,thomais01,Isiah Thomas,660017
1985,jordami01,Michael Jordan,606193
1985,moncrsi01,Sidney Moncrief,403033
1985,johnsde01,Dennis Johnson,282948
1985,presspa01,Paul Pressey,240244
1985,ervinju01,Julius Erving,590003
1985,birdla01,Larry Bird,564521
1985,tripuke01,Kelly Tripucka,468455
1985,kingbe01,Bernard King,381660
1985,roundda01,Dan Roundfield,252627
1985,malonmo01,Moses Malone,662445
1985,parisro01,Robert Parish,269810
1985,laimbbi01,Bill Laimbeer,268820
1985,rollitr01,Tree Rollins,217950
1985,listeal01,Alton Lister,172711
1985,johnsma02,Magic Johnson,957447
1985,gervige01,George Gervin,452132
1985,nixonno01,Norm Nixon,386421
1985,griffda01,Darrell Griffith,362911
1985,paxsoji02,Jim Paxson,334150
1985,sampsra01,Ralph Sampson,620824
1985,dantlad01,Adrian Dantley,363327
1985,englial01,Alex English,351433
1985,johnsma01,Marques Johnson,316883
1985,nancela01,Larry Nance,287665
1985,abdulka01,Kareem Abdul-Jabbar,554402
1985,olajuha01,Hakeem Olajuwon,449048
1985,isselda01,Dan Issel,259727
1985,gilmoar01,Artis Gilmore,252717
1985,perkisa01,Sam Perkins,239254
1986,jordami01,Michael Jordan,719143
1986,thomais01,Isiah Thomas,666013
1986,moncrsi01,Sidney Moncrief,503105
1986,johnsde01,Dennis Johnson,360069
1986,freewo01,World B. Free,347110
1986,cheekma01,Maurice Cheeks,247997
1986,gervige01,George Gervin,223487
1986,aingeda01,Danny Ainge,222768
1986,johnsvi01,Vinnie Johnson,216276
1986,malonje01,Jeff Malone,207145
1986,birdla01,Larry Bird,702440
1986,ervinju01,Julius Erving,596875
1986,tripuke01,Kelly Tripucka,411032
1986,wilkido01,Dominique Wilkins,383855
1986,mchalke01,Kevin McHale,379696
1986,cummite01,Terry Cummings,294669
1986,tisdawa01,Wayman Tisdale,261079
1986,presspa01,Paul Pressey,256666
1986,barklch01,Charles Barkley,243841
1986,hinsoro01,Roy Hinson,232974
1986,malonmo01,Moses Malone,615089
1986,ewingpa01,Patrick Ewing,344843
1986,rulanje01,Jeff Ruland,294516
1986,laimbbi01,Bill Laimbeer,264738
1986,parisro01,Robert Parish,251576
1986,johnsma02,Magic Johnson,1060892
1986,roberal01,Alvin Robertson,378557
1986,moorejo01,Johnny Moore,348752
1986,nixonno01,Norm Nixon,303904
1986,lucasjo01,John Lucas,299875
1986,mullich01,Chris Mullin,299631
1986,leverfa01,Fat Lever,286300
1986,coopemi01,Michael Cooper,276069
1986,drexlcl01,Clyde Drexler,257628
1986,blackro01,Rolando Blackman,255204
1986,sampsra01,Ralph Sampson,516087
1986,worthja01,James Worthy,461528
1986,englial01,Alex English,410112
1986,mitchmi01,Mike Mitchell,381611
1986,johnsma01,Marques Johnson,363201
1986,nattca01,Calvin Natt,332993
1986,dantlad01,Adrian Dantley,323456
1986,aguirma01,Mark Aguirre,277342
1986,mcdanxa01,Xavier McDaniel,272679
1986,mccraro01,Rodney McCray,259020
1986,abdulka01,Kareem Abdul-Jabbar,666826
1986,olajuha01,Hakeem Olajuwon,434294
1986,gilmoar01,Artis Gilmore,306899
1986,coopewa01,Wayne Cooper,255546
1986,sikmaja01,Jack Sikma,240138
1987,jordami01,Michael Jordan,1141733
1987,ervinju01,Julius Erving,819468
1987,thomais01,Isiah Thomas,713173
1987,webbsp01,Spud Webb,346346
1987,johnsde01,Dennis Johnson,330272
1987,johnsvi01,Vinnie Johnson,311090
1987,moncrsi01,Sidney Moncrief,268519
1987,riverdo01,Doc Rivers,242040
1987,malonje01,Jeff Malone,206255
1987,cheekma01,Maurice Cheeks,174512
1987,wilkido01,Dominique Wilkins,1029131
1987,birdla01,Larry Bird,902701
1987,barklch01,Charles Barkley,479176
1987,mchalke01,Kevin McHale,455859
1987,dantlad01,Adrian Dantley,360290
1987,oaklech01,Charles Oakley,256809
1987,cummite01,Terry Cummings,223645
1987,tisdawa01,Wayman Tisdale,211221
1987,willike02,Kevin Willis,204209
1987,vinceja01,Jay Vincent,202055
1987,malonmo01,Moses Malone,565491
1987,parisro01,Robert Parish,510471
1987,laimbbi01,Bill Laimbeer,432104
1987,ewingpa01,Patrick Ewing,319491
1987,sikmaja01,Jack Sikma,251838
1987,johnsma02,Magic Johnson,949304
1987,roberal01,Alvin Robertson,457251
1987,griffda01,Darrell Griffith,380505
1987,drexlcl01,Clyde Drexler,321679
1987,harpede01,Derek Harper,314124
1987,reidro01,Robert Reid,311075
1987,blackro01,Rolando Blackman,307838
1987,theusre01,Reggie Theus,300142
1987,johnsma01,Marques Johnson,292621
1987,leverfa01,Fat Lever,283252
1987,sampsra01,Ralph Sampson,611480
1987,worthja01,James Worthy,588778
1987,tripuke01,Kelly Tripucka,392852
1987,englial01,Alex English,343348
1987,aguirma01,Mark Aguirre,339337
1987,malonka01,Karl Malone,337266
1987,nancela01,Larry Nance,314193
1987,mitchmi01,Mike Mitchell,313899
1987,vandeki01,Kiki Vandeweghe,311235
1987,johnsed03,Eddie Johnson,298695
1987,olajuha01,Hakeem Olajuwon,792148
1987,abdulka01,Kareem Abdul-Jabbar,572779
1987,eatonma01,Mark Eaton,385642
1987,gilmoar01,Artis Gilmore,255397
1987,bowiesa01,Sam Bowie,200979
1988,jordami01,Michael Jordan,1121285
1988,thomais01,Isiah Thomas,666895
1988,riverdo01,Doc Rivers,455391
1988,malonje01,Jeff Malone,356497
1988,johnsde01,Dennis Johnson,338474
1988,moncrsi01,Sidney Moncrief,323536
1988,johnsvi01,Vinnie Johnson,299084
1988,johnske02,Kevin Johnson,275556
1988,wittmra01,Randy Wittman,260221
1988,harpero01,Ron Harper,244158
1988,birdla01,Larry Bird,747005
1988,wilkido01,Dominique Wilkins,694354
1988,barklch01,Charles Barkley,687785
1988,mchalke01,Kevin McHale,350912
1988,dantlad01,Adrian Dantley,335865
1988,persoch01,Chuck Person,306645
1988,willibu01,Buck Williams,291116
1988,kingbe01,Bernard King,285588
1988,willike02,Kevin Willis,247285
1988,oaklech01,Charles Oakley,241123
1988,malonmo01,Moses Malone,601520
1988,rollitr01,Tree Rollins,413558
1988,laimbbi01,Bill Laimbeer,349247
1988,parisro01,Robert Parish,342373
1988,sikmaja01,Jack Sikma,324426
1988,johnsma02,Magic Johnson,1022122
1988,leverfa01,Fat Lever,468339
1988,roberal01,Alvin Robertson,440925
1988,drexlcl01,Clyde Drexler,430880
1988,griffda01,Darrell Griffith,395585
1988,portete01,Terry Porter,391567
1988,harpede01,Derek Harper,322711
1988,blackro01,Rolando Blackman,314765
1988,floydsl01,Sleepy Floyd,248327
1988,stockjo01,John Stockton,241117
1988,englial01,Alex English,521080
1988,malonka01,Karl Malone,499963
1988,mcdanxa01,Xavier McDaniel,474087
1988,worthja01,James Worthy,409712
1988,nattca01,Calvin Natt,396511
1988,nancela01,Larry Nance,350433
1988,aguirma01,Mark Aguirre,347357
1988,vandeki01,Kiki Vandeweghe,330716
1988,coopemi01,Michael Cooper,323134
1988,sampsra01,Ralph Sampson,309325
1988,olajuha01,Hakeem Olajuwon,831339
1988,abdulka01,Kareem Abdul-Jabbar,507612
1988,johnsst03,Steve Johnson,391672
1988,donalja01,James Donaldson,310100
1988,eatonma01,Mark Eaton,267646
1989,jordami01,Michael Jordan,1003062
1989,thomais01,Isiah Thomas,402360
1989,pricema01,Mark Price,388715
1989,harpero01,Ron Harper,354807
1989,jacksma01,Mark Jackson,331150
1989,malonje01,Jeff Malone,289097
1989,johnsde01,Dennis Johnson,235519
1989,hawkihe01,Hersey Hawkins,225410
1989,presspa01,Paul Pressey,186069
1989,piercri01,Ricky Pierce,185188
1989,wilkido01,Dominique Wilkins,715991
1989,barklch01,Charles Barkley,486526
1989,nancela01,Larry Nance,380819
1989,mchalke01,Kevin McHale,320698
1989,kingbe01,Bernard King,295694
1989,oaklech01,Charles Oakley,271540
1989,birdla01,Larry Bird,256569
1989,tisdawa01,Wayman Tisdale,212590
1989,hinsoro01,Roy Hinson,207147
1989,williho01,Hot Rod Williams,199518
1989,malonmo01,Moses Malone,443027
1989,ewingpa01,Patrick Ewing,382833
1989,daughbr01,Brad Daugherty,301438
1989,parisro01,Robert Parish,271025
1989,laimbbi01,Bill Laimbeer,240001
1989,johnsma02,Magic Johnson,856751
1989,ellisda01,Dale Ellis,379616
1989,stockjo01,John Stockton,353126
1989,drexlcl01,Clyde Drexler,315395
1989,leverfa01,Fat Lever,296386
1989,floydsl01,Sleepy Floyd,274968
1989,mullich01,Chris Mullin,273891
1989,portete01,Terry Porter,266216
1989,johnsed03,Eddie Johnson,229889
1989,adamsmi01,Michael Adams,211265
1989,malonka01,Karl Malone,760168
1989,englial01,Alex English,525186
1989,worthja01,James Worthy,342074
1989,mcdanxa01,Xavier McDaniel,322507
1989,kerseje01,Jerome Kersey,277330
1989,johnsst03,Steve Johnson,248492
1989,mannida01,Danny Manning,236149
1989,aguirma01,Mark Aguirre,234532
1989,baileth01,Thurl Bailey,226676
1989,schayda01,Danny Schayes,220721
1989,olajuha01,Hakeem Olajuwon,670472
1989,eatonma01,Mark Eaton,336592
1989,duckwke01,Kevin Duckworth,333385
1989,abdulka01,Kareem Abdul-Jabbar,310119
1989,mccorti01,Tim McCormick,256066
1990,jordami01,Michael Jordan,321114
1990,thomais01,Isiah Thomas,181960
1990,malonje01,Jeff Malone,134166
1990,dumarjo01,Joe Dumars,128964
1990,hawkihe01,Hersey Hawkins,103688
1990,pricema01,Mark Price,82991
1990,riverdo01,Doc Rivers,74787
1990,battljo01,John Battle,59217
1990,millere01,Reggie Miller,57616
1990,lewisre01,Reggie Lewis,49793
1990,birdla01,Larry Bird,248837
1990,barklch01,Charles Barkley,182639
1990,wilkido01,Dominique Wilkins,132994
1990,aguirma01,Mark Aguirre,110852
1990,pippesc01,Scottie Pippen,106717
1990,mchalke01,Kevin McHale,94718
1990,kingbe01,Bernard King,88550
1990,rodmade01,Dennis Rodman,87078
1990,grantho01,Horace Grant,81393
1990,mahorri01,Rick Mahorn,79483
1990,ewingpa01,Patrick Ewing,245746
1990,malonmo01,Moses Malone,134849
1990,laimbbi01,Bill Laimbeer,126604
1990,parisro01,Robert Parish,56028
1990,smitsri01,Rik Smits,51693
1990,johnsma02,Magic Johnson,214348
1990,stockjo01,John Stockton,149548
1990,harpede01,Derek Harper,146986
1990,drexlcl01,Clyde Drexler,145782
1990,cheekma01,Maurice Cheeks,144201
1990,johnske02,Kevin Johnson,78812
1990,ellisda01,Dale Ellis,66198
1990,richapo01,Pooh Richardson,64276
1990,floydsl01,Sleepy Floyd,62886
1990,richmmi01,Mitch Richmond,60704
1990,worthja01,James Worthy,163053
1990,greenac01,A.C. Green,160788
1990,malonka01,Karl Malone,159562
1990,mcdanxa01,Xavier McDaniel,158759
1990,tripuke01,Kelly Tripucka,77832
1990,mullich01,Chris Mullin,72817
1990,mckeyde01,Derrick McKey,67430
1990,baileth01,Thurl Bailey,64102
1990,chambto01,Tom Chambers,64028
1990,mannida01,Danny Manning,58593
1990,olajuha01,Hakeem Olajuwon,202244
1990,robinda01,David Robinson,119301
1990,eatonma01,Mark Eaton,99591
1990,johnsst03,Steve Johnson,65111
1990,reidjr01,J.R. Reid,62897
1991,jordami01,Michael Jordan,1217429
1991,thomais01,Isiah Thomas,493414
1991,dumarjo01,Joe Dumars,391638
1991,lewisre01,Reggie Lewis,227570
1991,boguemu01,Muggsy Bogues,219615
1991,eacklle01,Ledell Eackles,197530
1991,roberal01,Alvin Robertson,162421
1991,pricema01,Mark Price,159697
1991,riverdo01,Doc Rivers,140909
1991,cheekma01,Maurice Cheeks,138686
1991,barklch01,Charles Barkley,808454
1991,birdla01,Larry Bird,717049
1991,kingbe01,Bernard King,319390
1991,rodmade01,Dennis Rodman,307103
1991,pippesc01,Scottie Pippen,286072
1991,wilkido01,Dominique Wilkins,257770
1991,grantho01,Horace Grant,216171
1991,edwarja01,James Edwards,184374
1991,mchalke01,Kevin McHale,168688
1991,oaklech01,Charles Oakley,156124
1991,ewingpa01,Patrick Ewing,764573
1991,parisro01,Robert Parish,388962
1991,malonmo01,Moses Malone,262174
1991,laimbbi01,Bill Laimbeer,177915
1991,reidjr01,J.R. Reid,153979
1991,johnsma02,Magic Johnson,665354
1991,johnske02,Kevin Johnson,381463
1991,drexlcl01,Clyde Drexler,349995
1991,stockjo01,John Stockton,344118
1991,abdulma02,Mahmoud Abdul-Rauf,250665
1991,malonje01,Jeff Malone,227344
1991,richmmi01,Mitch Richmond,196685
1991,portete01,Terry Porter,196653
1991,hardati01,Tim Hardaway,180335
1991,ellisda01,Dale Ellis,171183
1991,malonka01,Karl Malone,609201
1991,mullich01,Chris Mullin,387990
1991,worthja01,James Worthy,355831
1991,chambto01,Tom Chambers,332324
1991,kerseje01,Jerome Kersey,262217
1991,cummite01,Terry Cummings,227689
1991,mckeyde01,Derrick McKey,218218
1991,willibu01,Buck Williams,215534
1991,smithch01,Charles Smith,160944
1991,perkisa01,Sam Perkins,146250
1991,robinda01,David Robinson,695519
1991,olajuha01,Hakeem Olajuwon,454685
1991,eatonma01,Mark Eaton,156475
1991,duckwke01,Kevin Duckworth,152279
1991,westma01,Mark West,125622
1992,jordami01,Michael Jordan,1049573
1992,thomais01,Isiah Thomas,549546
1992,adamsmi01,Michael Adams,489291
1992,millere01,Reggie Miller,301701
1992,paxsojo01,John Paxson,226930
1992,anderke01,Kenny Anderson,205647
1992,brownde01,Dee Brown,199468
1992,jacksma01,Mark Jackson,176122
1992,lewisre01,Reggie Lewis,152158
1992,dumarjo01,Joe Dumars,144202
1992,barklch01,Charles Barkley,991408
1992,birdla01,Larry Bird,852476
1992,pippesc01,Scottie Pippen,542191
1992,schrede01,Detlef Schrempf,311862
1992,persoch01,Chuck Person,309049
1992,grantho01,Horace Grant,215661
1992,rodmade01,Dennis Rodman,197945
1992,johnsla02,Larry Johnson,189599
1992,colemde01,Derrick Coleman,165817
1992,ellisda01,Dale Ellis,124202
1992,ewingpa01,Patrick Ewing,514874
1992,malonmo01,Moses Malone,404903
1992,ellispe01,Pervis Ellison,275743
1992,daughbr01,Brad Daugherty,271424
1992,bowiesa01,Sam Bowie,200722
1992,drexlcl01,Clyde Drexler,759550
1992,johnsma02,Magic Johnson,658211
1992,hardati01,Tim Hardaway,446765
1992,richmmi01,Mitch Richmond,325546
1992,johnske02,Kevin Johnson,309820
1992,stockjo01,John Stockton,309590
1992,hornaje01,Jeff Hornacek,271180
1992,anderwi01,Willie Anderson,213037
1992,blackro01,Rolando Blackman,206887
1992,harpede01,Derek Harper,153820
1992,malonka01,Karl Malone,764633
1992,mullich01,Chris Mullin,751397
1992,chambto01,Tom Chambers,406185
1992,owensbi01,Billy Owens,335053
1992,majerda01,Dan Majerle,320220
1992,kempsh01,Shawn Kemp,253747
1992,elliose01,Sean Elliott,230311
1992,cummite01,Terry Cummings,209070
1992,kerseje01,Jerome Kersey,196082
1992,campbto01,Tony Campbell,160807
1992,robinda01,David Robinson,512348
1992,mutomdi01,Dikembe Mutombo,505035
1992,olajuha01,Hakeem Olajuwon,357588
1992,benjabe01,Benoit Benjamin,215212
1992,duckwke01,Kevin Duckworth,158391
1993,jordami01,Michael Jordan,1035824
1993,thomais01,Isiah Thomas,397747
1993,hornaje01,Jeff Hornacek,346793
1993,pricema01,Mark Price,327964
1993,boguemu01,Muggsy Bogues,284838
1993,lewisre01,Reggie Lewis,214372
1993,dumarjo01,Joe Dumars,181253
1993,petrodr01,Drazen Petrovic,151239
1993,millere01,Reggie Miller,126515
1993,anderni01,Nick Anderson,126067
1993,pippesc01,Scottie Pippen,932912
1993,johnsla02,Larry Johnson,658236
1993,wilkido01,Dominique Wilkins,380958
1993,grantho01,Horace Grant,275425
1993,colemde01,Derrick Coleman,250233
1993,rodmade01,Dennis Rodman,193752
1993,edwarbl01,Blue Edwards,142286
1993,scottde01,Dennis Scott,137277
1993,mchalke01,Kevin McHale,131334
1993,willike02,Kevin Willis,124017
1993,onealsh01,Shaquille O'Neal,826767
1993,ewingpa01,Patrick Ewing,576368
1993,daughbr01,Brad Daugherty,329639
1993,mournal01,Alonzo Mourning,278532
1993,cartwbi01,Bill Cartwright,235442
1993,drexlcl01,Clyde Drexler,823482
1993,stockjo01,John Stockton,507951
1993,hardati01,Tim Hardaway,481090
1993,richmmi01,Mitch Richmond,391943
1993,portete01,Terry Porter,328206
1993,marcisa01,Sarunas Marciulionis,255797
1993,johnske02,Kevin Johnson,188545
1993,williwa02,Walt Williams,147934
1993,malonje01,Jeff Malone,141262
1993,piercri01,Ricky Pierce,123496
1993,barklch01,Charles Barkley,858947
1993,malonka01,Karl Malone,563627
1993,mullich01,Chris Mullin,515779
1993,kempsh01,Shawn Kemp,489281
1993,simmoli01,Lionel Simmons,392991
1993,owensbi01,Billy Owens,276914
1993,willibu01,Buck Williams,182806
1993,mckeyde01,Derrick McKey,141883
1993,corbity01,Tyrone Corbin,125125
1993,elliose01,Sean Elliott,111398
1993,robinda01,David Robinson,603696
1993,olajuha01,Hakeem Olajuwon,422755
1993,mutomdi01,Dikembe Mutombo,364334
1993,causwdu01,Duane Causwell,239171
1993,duckwke01,Kevin Duckworth,181226
1994,armstbj01,B.J. Armstrong,529065
1994,anderke01,Kenny Anderson,493690
1994,pricema01,Mark Price,423179
1994,augmost01,Stacey Augmon,401703
1994,blaylmo01,Mookie Blaylock,390433
1994,anderni01,Nick Anderson,361200
1994,thomais01,Isiah Thomas,358736
1994,dumarjo01,Joe Dumars,340581
1994,hornaje01,Jeff Hornacek,327965
1994,harpede01,Derek Harper,313679
1994,pippesc01,Scottie Pippen,496506
1994,colemde01,Derrick Coleman,482261
1994,johnsla02,Larry Johnson,419620
1994,cheanca01,Calbert Cheaney,406684
1994,elliose01,Sean Elliott,387581
1994,wilkido01,Dominique Wilkins,358501
1994,edwarbl01,Blue Edwards,353064
1994,gamblke01,Kevin Gamble,342878
1994,ricegl01,Glen Rice,208865
1994,nancela01,Larry Nance,202044
1994,onealsh01,Shaquille O'Neal,603346
1994,ewingpa01,Patrick Ewing,427216
1994,mournal01,Alonzo Mourning,379998
1994,daughbr01,Brad Daugherty,374228
1994,bradlsh01,Shawn Bradley,371917
1994,drexlcl01,Clyde Drexler,493204
1994,richmmi01,Mitch Richmond,469978
1994,johnske02,Kevin Johnson,431885
1994,stockjo01,John Stockton,367605
1994,abdulma02,Mahmoud Abdul-Rauf,343418
1994,gillke01,Kendall Gill,341265
1994,majerda01,Dan Majerle,329618
1994,paytoga01,Gary Payton,316720
1994,piercri01,Ricky Pierce,207198
1994,smithke01,Kenny Smith,182183
1994,barklch01,Charles Barkley,794936
1994,kempsh01,Shawn Kemp,461880
1994,mullich01,Chris Mullin,376332
1994,greenac01,A.C. Green,368601
1994,carran01,Antoine Carr,348754
1994,malonka01,Karl Malone,322450
1994,schrede01,Detlef Schrempf,315912
1994,ellisla01,LaPhonso Ellis,302851
1994,grantha01,Harvey Grant,290248
1994,mashbja01,Jamal Mashburn,267111
1994,olajuha01,Hakeem Olajuwon,478018
1994,webbech01,Chris Webber,384333
1994,robinda01,David Robinson,350873
1994,mutomdi01,Dikembe Mutombo,337827
1994,divacvl01,Vlade Divac,293026
1995,hardaan01,Anfernee Hardaway,999327
1995,millere01,Reggie Miller,908493
1995,pricema01,Mark Price,854771
1995,dumarjo01,Joe Dumars,826935
1995,boguemu01,Muggsy Bogues,672149
1995,starkjo01,John Starks,589617
1995,skilesc01,Scott Skiles,484573
1995,minerha01,Harold Miner,484522
1995,harpede01,Derek Harper,462115
1995,smithst01,Steve Smith,394225
1995,hillgr01,Grant Hill,1289585
1995,pippesc01,Scottie Pippen,1134525
1995,johnsla02,Larry Johnson,698931
1995,webbech01,Chris Webber,491783
1995,wilkido01,Dominique Wilkins,489617
1995,ricegl01,Glen Rice,425978
1995,willike02,Kevin Willis,404257
1995,grantho01,Horace Grant,398521
1995,robingl01,Glenn Robinson,387461
1995,oaklech01,Charles Oakley,386894
1995,onealsh01,Shaquille O'Neal,1263451
1995,ewingpa01,Patrick Ewing,728331
1995,mournal01,Alonzo Mourning,664927
1995,smitsri01,Rik Smits,317885
1995,parisro01,Robert Parish,292557
1995,majerda01,Dan Majerle,868115
1995,sprewla01,Latrell Sprewell,861223
1995,hardati01,Tim Hardaway,853784
1995,stockjo01,John Stockton,798219
1995,kiddja01,Jason Kidd,744587
1995,hornaje01,Jeff Hornacek,681231
1995,jacksji01,Jim Jackson,669459
1995,maxweve01,Vernon Maxwell,581254
1995,gillke01,Kendall Gill,570338
1995,paytoga01,Gary Payton,567324
1995,barklch01,Charles Barkley,1046105
1995,kempsh01,Shawn Kemp,1027451
1995,mashbja01,Jamal Mashburn,742815
1995,mullich01,Chris Mullin,598125
1995,malonka01,Karl Malone,526741
1995,guglito01,Tom Gugliotta,442335
1995,schrede01,Detlef Schrempf,391451
1995,mannida01,Danny Manning,327554
1995,thorpot01,Otis Thorpe,306541
1995,cebalce01,Cedric Ceballos,259464
1995,olajuha01,Hakeem Olajuwon,1125032
1995,robinda01,David Robinson,1046364
1995,perkisa01,Sam Perkins,599463
1995,mutomdi01,Dikembe Mutombo,594789
1995,spencfe01,Felton Spencer,578452
1996,jordami01,Michael Jordan,1341422
1996,hardaan01,Anfernee Hardaway,1050461
1996,dumarjo01,Joe Dumars,501159
1996,millere01,Reggie Miller,471162
1996,stackje01,Jerry Stackhouse,441048
1996,boguemu01,Muggsy Bogues,307288
1996,stoudda01,Damon Stoudamire,305656
1996,harpede01,Derek Harper,202900
1996,pricema01,Mark Price,184826
1996,gillke01,Kendall Gill,176855
1996,hillgr01,Grant Hill,1358004
1996,pippesc01,Scottie Pippen,1289649
1996,rodmade01,Dennis Rodman,496293
1996,johnsla02,Larry Johnson,494013
1996,webbech01,Chris Webber,417095
1996,grantho01,Horace Grant,342641
1996,ricegl01,Glen Rice,296143
1996,robingl01,Glenn Robinson,280548
1996,bakervi01,Vin Baker,259279
1996,masonan01,Anthony Mason,198273
1996,onealsh01,Shaquille O'Neal,1290591
1996,mournal01,Alonzo Mourning,647899
1996,ewingpa01,Patrick Ewing,437003
1996,smitsri01,Rik Smits,239736
1996,muresgh01,Gheorghe Muresan,175226
1996,drexlcl01,Clyde Drexler,1070040
1996,kiddja01,Jason Kidd,1049946
1996,stockjo01,John Stockton,823826
1996,hardati01,Tim Hardaway,440291
1996,vanexni01,Nick Van Exel,382373
1996,cassesa01,Sam Cassell,373326
1996,jacksji01,Jim Jackson,368047
1996,richmmi01,Mitch Richmond,323619
1996,sprewla01,Latrell Sprewell,320657
1996,abdulma02,Mahmoud Abdul-Rauf,293088
1996,barklch01,Charles Barkley,1268195
1996,kempsh01,Shawn Kemp,1021384
1996,malonka01,Karl Malone,986028
1996,mashbja01,Jamal Mashburn,551204
1996,horryro01,Robert Horry,492748
1996,robincl02,Clifford Robinson,330277
1996,cebalce01,Cedric Ceballos,322746
1996,greenac01,A.C. Green,269175
1996,laettch01,Christian Laettner,230036
1996,grantbr01,Brian Grant,214427
1996,olajuha01,Hakeem Olajuwon,1240329
1996,robinda01,David Robinson,1037245
1996,mutomdi01,Dikembe Mutombo,369053
1996,perkisa01,Sam Perkins,207636
1996,divacvl01,Vlade Divac,201140
1997,jordami01,Michael Jordan,2451136
1997,hardaan01,Anfernee Hardaway,1132024
1997,iversal01,Allen Iverson,567641
1997,millere01,Reggie Miller,506553
1997,dumarjo01,Joe Dumars,428535
1997,stoudda01,Damon Stoudamire,396863
1997,hardati01,Tim Hardaway,309220
1997,stackje01,Jerry Stackhouse,292669
1997,ricegl01,Glen Rice,199216
1997,blaylmo01,Mookie Blaylock,190348
1997,hillgr01,Grant Hill,1868020
1997,pippesc01,Scottie Pippen,1683956
1997,rodmade01,Dennis Rodman,887483
1997,webbech01,Chris Webber,396365
1997,howarju01,Juwan Howard,283512
1997,kukocto01,Toni Kukoc,273429
1997,bakervi01,Vin Baker,269994
1997,thorpot01,Otis Thorpe,268793
1997,laettch01,Christian Laettner,225893
1997,johnsla02,Larry Johnson,220886
1997,ewingpa01,Patrick Ewing,1395759
1997,mournal01,Alonzo Mourning,1041570
1997,mutomdi01,Dikembe Mutombo,541528
1997,cambyma01,Marcus Camby,329522
1997,longllu01,Luc Longley,301838
1997,paytoga01,Gary Payton,1206539
1997,stockjo01,John Stockton,1127250
1997,drexlcl01,Clyde Drexler,926432
1997,kiddja01,Jason Kidd,911858
1997,vanexni01,Nick Van Exel,447347
1997,jonesed02,Eddie Jones,372196
1997,richmmi01,Mitch Richmond,347195
1997,johnsav01,Avery Johnson,313349
1997,hornaje01,Jeff Hornacek,300324
1997,marbust01,Stephon Marbury,298706
1997,barklch01,Charles Barkley,1877232
1997,kempsh01,Shawn Kemp,1713049
1997,malonka01,Karl Malone,1337319
1997,garneke01,Kevin Garnett,481911
1997,guglito01,Tom Gugliotta,280504
1997,elliose01,Sean Elliott,274016
1997,schrede01,Detlef Schrempf,259839
1997,cebalce01,Cedric Ceballos,229787
1997,finlemi01,Michael Finley,209611
1997,grantbr01,Brian Grant,171169
1997,olajuha01,Hakeem Olajuwon,1487310
1997,onealsh01,Shaquille O'Neal,1305941
1997,robinda01,David Robinson,753247
1997,perkisa01,Sam Perkins,187698
1997,polynol01,Olden Polynice,172143
1998,jordami01,Michael Jordan,1028235
1998,hardaan01,Anfernee Hardaway,509626
1998,hardati01,Tim Hardaway,349621
1998,iversal01,Allen Iverson,338413
1998,millere01,Reggie Miller,221814
1998,blaylmo01,Mookie Blaylock,130202
1998,surabo01,Bob Sura,130198
1998,stoudda01,Damon Stoudamire,129223
1998,dumarjo01,Joe Dumars,127929
1998,smithst01,Steve Smith,114982
1998,hillgr01,Grant Hill,838692
1998,kempsh01,Shawn Kemp,518361
1998,pippesc01,Scottie Pippen,475894
1998,rodmade01,Dennis Rodman,333865
1998,ricegl01,Glen Rice,270277
1998,webbech01,Chris Webber,190360
1998,walkean02,Antoine Walker,137994
1998,laettch01,Christian Laettner,133293
1998,vanhoke01,Keith Van Horn,128873
1998,kukocto01,Toni Kukoc,120894
1998,mutomdi01,Dikembe Mutombo,476432
1998,ewingpa01,Patrick Ewing,441347
1998,mournal01,Alonzo Mourning,363765
1998,longllu01,Luc Longley,166984
1998,smitsri01,Rik Smits,117744
1998,paytoga01,Gary Payton,555715
1998,bryanko01,Kobe Bryant,395686
1998,stockjo01,John Stockton,344259
1998,marbust01,Stephon Marbury,331749
1998,kiddja01,Jason Kidd,305834
1998,jonesed02,Eddie Jones,300658
1998,drexlcl01,Clyde Drexler,238150
1998,vanexni01,Nick Van Exel,232274
1998,richmmi01,Mitch Richmond,197695
1998,johnsav01,Avery Johnson,147485
1998,malonka01,Karl Malone,616251
1998,garneke01,Kevin Garnett,513325
1998,barklch01,Charles Barkley,479005
1998,duncati01,Tim Duncan,423970
1998,bakervi01,Vin Baker,360079
1998,guglito01,Tom Gugliotta,211402
1998,schrede01,Detlef Schrempf,191963
1998,abdursh01,Shareef Abdur-Rahim,159069
1998,elliose01,Sean Elliott,136943
1998,wallara01,Rasheed Wallace,116865
1998,onealsh01,Shaquille O'Neal,565184
1998,robinda01,David Robinson,548633
1998,olajuha01,Hakeem Olajuwon,325072
1998,perkisa01,Sam Perkins,117958
1998,sabonar01,Arvydas Sabonis,107445
2000,iversal01,Allen Iverson,1843011
2000,jonesed02,Eddie Jones,734940
2000,houstal01,Allan Houston,600876
2000,marbust01,Stephon Marbury,492349
2000,allenra02,Ray Allen,443295
2000,hardati01,Tim Hardaway,378954
2000,millere01,Reggie Miller,366137
2000,cassesa01,Sam Cassell,230600
2000,mcgratr01,Tracy McGrady,228439
2000,piercpa01,Paul Pierce,166401
2000,cartevi01,Vince Carter,1911973
2000,hillgr01,Grant Hill,1371304
2000,sprewla01,Latrell Sprewell,785302
2000,cambyma01,Marcus Camby,477672
2000,kempsh01,Shawn Kemp,351843
2000,vanhoke01,Keith Van Horn,238619
2000,walkean02,Antoine Walker,214024
2000,robingl01,Glenn Robinson,184230
2000,kukocto01,Toni Kukoc,124821
2000,oaklech01,Charles Oakley,101219
2000,mournal01,Alonzo Mourning,1878588
2000,ewingpa01,Patrick Ewing,298985
2000,mutomdi01,Dikembe Mutombo,277768
2000,davisan01,Antonio Davis,149402
2000,campbel01,Elden Campbell,144378
2000,kiddja01,Jason Kidd,1061031
2000,bryanko01,Kobe Bryant,1022897
2000,paytoga01,Gary Payton,898601
2000,willija02,Jason Williams,884746
2000,hardaan01,Anfernee Hardaway,529191
2000,stockjo01,John Stockton,259563
2000,stoudda01,Damon Stoudamire,243036
2000,smithst01,Steve Smith,221664
2000,francst01,Steve Francis,212491
2000,finlemi01,Michael Finley,197431
2000,garneke01,Kevin Garnett,1550976
2000,duncati01,Tim Duncan,1321436
2000,pippesc01,Scottie Pippen,662341
2000,webbech01,Chris Webber,661865
2000,malonka01,Karl Malone,327599
2000,abdursh01,Shareef Abdur-Rahim,325891
2000,ricegl01,Glen Rice,310497
2000,odomla01,Lamar Odom,248176
2000,wallara01,Rasheed Wallace,177022
2000,barklch01,Charles Barkley,165604
2000,onealsh01,Shaquille O'Neal,1807609
2000,robinda01,David Robinson,595451
2000,divacvl01,Vlade Divac,254604
2000,sabonar01,Arvydas Sabonis,206721
2000,olajuha01,Hakeem Olajuwon,180681
2001,iversal01,Allen Iverson,1508142
2001,mcgratr01,Tracy McGrady,827122
2001,hardati01,Tim Hardaway,691895
2001,millere01,Reggie Miller,622978
2001,jonesed02,Eddie Jones,519132
2001,marbust01,Stephon Marbury,512645
2001,houstal01,Allan Houston,476380
2001,stackje01,Jerry Stackhouse,459575
2001,millean02,Andre Miller,415382
2001,allenra02,Ray Allen,409654
2001,cartevi01,Vince Carter,1717687
2001,hillgr01,Grant Hill,904885
2001,sprewla01,Latrell Sprewell,817855
2001,grantbr01,Brian Grant,670923
2001,mashbja01,Jamal Mashburn,425558
2001,ricegl01,Glen Rice,346328
2001,walkean02,Antoine Walker,339974
2001,masonan01,Anthony Mason,322696
2001,brandel01,Elton Brand,315723
2001,cambyma01,Marcus Camby,295763
2001,mournal01,Alonzo Mourning,917866
2001,ratlith01,Theo Ratliff,637585
2001,mutomdi01,Dikembe Mutombo,627148
2001,onealje01,Jermaine O'Neal,524506
2001,ilgauzy01,Zydrunas Ilgauskas,288183
2001,bryanko01,Kobe Bryant,1433747
2001,kiddja01,Jason Kidd,1062837
2001,willija02,Jason Williams,925310
2001,paytoga01,Gary Payton,732671
2001,anderde01,Derek Anderson,514605
2001,francst01,Steve Francis,504162
2001,johnsav01,Avery Johnson,452147
2001,hardaan01,Anfernee Hardaway,430632
2001,stockjo01,John Stockton,408819
2001,finlemi01,Michael Finley,279250
2001,webbech01,Chris Webber,1306243
2001,duncati01,Tim Duncan,1096522
2001,garneke01,Kevin Garnett,1003336
2001,pippesc01,Scottie Pippen,587767
2001,wallara01,Rasheed Wallace,510543
2001,elliose01,Sean Elliott,505751
2001,malonka01,Karl Malone,479624
2001,jamisan01,Antawn Jamison,399561
2001,grantho01,Horace Grant,368378
2001,abdursh01,Shareef Abdur-Rahim,254598
2001,onealsh01,Shaquille O'Neal,1541298
2001,robinda01,David Robinson,716228
2001,divacvl01,Vlade Divac,715687
2001,ewingpa01,Patrick Ewing,395068
2001,lafrera01,Raef LaFrentz,217233
2002,jordami01,Michael Jordan,985448
2002,iversal01,Allen Iverson,920502
2002,mcgratr01,Tracy McGrady,453276
2002,kiddja01,Jason Kidd,442630
2002,allenra02,Ray Allen,365421
2002,piercpa01,Paul Pierce,254840
2002,sprewla01,Latrell Sprewell,140601
2002,davisba01,Baron Davis,127291
2002,cassesa01,Sam Cassell,120868
2002,stackje01,Jerry Stackhouse,114412
2002,cartevi01,Vince Carter,1470176
2002,walkean02,Antoine Walker,547172
2002,hillgr01,Grant Hill,427446
2002,abdursh01,Shareef Abdur-Rahim,335955
2002,martike01,Kenyon Martin,211299
2002,robingl01,Glenn Robinson,211262
2002,vanhoke01,Keith Van Horn,170920
2002,mashbja01,Jamal Mashburn,148069
2002,davisan01,Antonio Davis,137770
2002,grantbr01,Brian Grant,128578
2002,mutomdi01,Dikembe Mutombo,616566
2002,onealje01,Jermaine O'Neal,411422
2002,mournal01,Alonzo Mourning,279423
2002,cambyma01,Marcus Camby,235060
2002,olajuha01,Hakeem Olajuwon,234518
2002,bryanko01,Kobe Bryant,1121753
2002,francst01,Steve Francis,456972
2002,paytoga01,Gary Payton,367120
2002,finlemi01,Michael Finley,299747
2002,marbust01,Stephon Marbury,297112
2002,nashst01,Steve Nash,278664
2002,bibbymi01,Mike Bibby,265691
2002,hardaan01,Anfernee Hardaway,228054
2002,chrisdo01,Doug Christie,175366
2002,willija02,Jason Williams,170807
2002,garneke01,Kevin Garnett,880692
2002,duncati01,Tim Duncan,762289
2002,webbech01,Chris Webber,553401
2002,nowitdi01,Dirk Nowitzki,398184
2002,stojape01,Peja Stojakovic,323664
2002,pippesc01,Scottie Pippen,197554
2002,malonka01,Karl Malone,163009
2002,brandel01,Elton Brand,160678
2002,wallara01,Rasheed Wallace,156924
2002,mariosh01,Shawn Marion,138656
2002,onealsh01,Shaquille O'Neal,1247438
2002,divacvl01,Vlade Divac,319415
2002,robinda01,David Robinson,310201
2002,bradlsh01,Shawn Bradley,110225
2002,amaecjo01,John Amaechi,67740
2003,mcgratr01,Tracy McGrady,1316297
2003,iversal01,Allen Iverson,1155897
2003,jordami01,Michael Jordan,1082909
2003,kiddja01,Jason Kidd,962325
2003,piercpa01,Paul Pierce,313652
2003,allenra02,Ray Allen,266735
2003,stackje01,Jerry Stackhouse,204299
2003,davisba01,Baron Davis,189818
2003,millere01,Reggie Miller,187075
2003,davisri01,Ricky Davis,166745
2003,cartevi01,Vince Carter,1300895
2003,onealje01,Jermaine O'Neal,940958
2003,hillgr01,Grant Hill,827403
2003,walkean02,Antoine Walker,528613
2003,martike01,Kenyon Martin,431775
2003,sprewla01,Latrell Sprewell,286883
2003,abdursh01,Shareef Abdur-Rahim,269601
2003,milesda01,Darius Miles,263009
2003,jefferi01,Richard Jefferson,241090
2003,mashbja01,Jamal Mashburn,235417
2003,wallabe01,Ben Wallace,1123090
2003,mutomdi01,Dikembe Mutombo,610232
2003,ilgauzy01,Zydrunas Ilgauskas,297895
2003,davisan01,Antonio Davis,238789
2003,millebr01,Brad Miller,238755
2003,bryanko01,Kobe Bryant,1474386
2003,francst01,Steve Francis,966669
2003,nashst01,Steve Nash,786923
2003,bibbymi01,Mike Bibby,630766
2003,paytoga01,Gary Payton,511056
2003,finlemi01,Michael Finley,464740
2003,chrisdo01,Doug Christie,224015
2003,parketo01,Tony Parker,199634
2003,stockjo01,John Stockton,184404
2003,millean02,Andre Miller,180260
2003,duncati01,Tim Duncan,1179955
2003,garneke01,Kevin Garnett,1086780
2003,nowitdi01,Dirk Nowitzki,1079425
2003,webbech01,Chris Webber,906836
2003,stojape01,Peja Stojakovic,308524
2003,brandel01,Elton Brand,260313
2003,gasolpa01,Pau Gasol,230285
2003,pippesc01,Scottie Pippen,213529
2003,horryro01,Robert Horry,184971
2003,wallara01,Rasheed Wallace,184535
2003,mingya01,Yao Ming,1286324
2003,onealsh01,Shaquille O'Neal,1049081
2003,divacvl01,Vlade Divac,362451
2003,robinda01,David Robinson,270042
2003,lafrera01,Raef LaFrentz,202325
2004,iversal01,Allen Iverson,1731648
2004,mcgratr01,Tracy McGrady,1231825
2004,kiddja01,Jason Kidd,1126838
2004,jamesle01,LeBron James,768532
2004,davisba01,Baron Davis,644518
2004,marbust01,Stephon Marbury,384316
2004,piercpa01,Paul Pierce,332353
2004,millere01,Reggie Miller,222891
2004,billuch01,Chauncey Billups,214195
2004,hamilri01,Richard Hamilton,184309
2004,cartevi01,Vince Carter,2127183
2004,onealje01,Jermaine O'Neal,1629054
2004,martike01,Kenyon Martin,659773
2004,artesro01,Metta World Peace,405326
2004,pippesc01,Scottie Pippen,358035
2004,abdursh01,Shareef Abdur-Rahim,273018
2004,boozeca01,Carlos Boozer,226822
2004,jefferi01,Richard Jefferson,226253
2004,mashbja01,Jamal Mashburn,221519
2004,kukocto01,Toni Kukoc,193555
2004,wallabe01,Ben Wallace,1982251
2004,mournal01,Alonzo Mourning,414356
2004,magloja01,Jamaal Magloire,236448
2004,curryed01,Eddy Curry,169977
2004,bryanko01,Kobe Bryant,1759717
2004,francst01,Steve Francis,976841
2004,paytoga01,Gary Payton,686788
2004,nashst01,Steve Nash,582243
2004,ginobma01,Manu Ginobili,538522
2004,bibbymi01,Mike Bibby,483861
2004,parketo01,Tony Parker,346735
2004,allenra02,Ray Allen,303337
2004,finlemi01,Michael Finley,253848
2004,moblecu01,Cuttino Mobley,219382
2004,garneke01,Kevin Garnett,1780918
2004,duncati01,Tim Duncan,1681435
2004,anthoca01,Carmelo Anthony,602536
2004,nowitdi01,Dirk Nowitzki,572362
2004,malonka01,Karl Malone,520882
2004,stojape01,Peja Stojakovic,456369
2004,webbech01,Chris Webber,383971
2004,gasolpa01,Pau Gasol,329218
2004,walkean02,Antoine Walker,273088
2004,rosema01,Malik Rose,194661
2004,mingya01,Yao Ming,1484531
2004,onealsh01,Shaquille O'Neal,1453286
2004,millebr01,Brad Miller,258693
2004,divacvl01,Vlade Divac,203768
2004,nestera01,Rasho Nesterovic,202527
2005,jamesle01,LeBron James,1661204
2005,iversal01,Allen Iverson,1590400
2005,wadedw01,Dwyane Wade,1195888
2005,francst01,Steve Francis,996107
2005,kiddja01,Jason Kidd,675884
2005,billuch01,Chauncey Billups,324542
2005,hamilri01,Richard Hamilton,315122
2005,marbust01,Stephon Marbury,301073
2005,piercpa01,Paul Pierce,225037
2005,arenagi01,Gilbert Arenas,201859
2005,cartevi01,Vince Carter,1803529
2005,hillgr01,Grant Hill,1497489
2005,onealje01,Jermaine O'Neal,1432438
2005,wallara01,Rasheed Wallace,949598
2005,jefferi01,Richard Jefferson,442236
2005,jamisan01,Antawn Jamison,416683
2005,okafoem01,Emeka Okafor,408082
2005,princta01,Tayshaun Prince,349931
2005,goodedr01,Drew Gooden,241164
2005,howardw01,Dwight Howard,213641
2005,onealsh01,Shaquille O'Neal,2488089
2005,wallabe01,Ben Wallace,798454
2005,ilgauzy01,Zydrunas Ilgauskas,306581
2005,mournal01,Alonzo Mourning,223743
2005,boshch01,Chris Bosh,208221
2005,mcgratr01,Tracy McGrady,1993687
2005,bryanko01,Kobe Bryant,1815952
2005,nashst01,Steve Nash,1148275
2005,allenra02,Ray Allen,920130
2005,ginobma01,Manu Ginobili,568361
2005,parketo01,Tony Parker,405826
2005,bibbymi01,Mike Bibby,386308
2005,davisba01,Baron Davis,221735
2005,finlemi01,Michael Finley,219725
2005,cassesa01,Sam Cassell,157074
2005,garneke01,Kevin Garnett,2087200
2005,duncati01,Tim Duncan,1812522
2005,nowitdi01,Dirk Nowitzki,846912
2005,anthoca01,Carmelo Anthony,662215
2005,stoudam01,Amar'e Stoudemire,640370
2005,stojape01,Peja Stojakovic,374588
2005,webbech01,Chris Webber,360511
2005,mariosh01,Shawn Marion,264203
2005,gasolpa01,Pau Gasol,250844
2005,odomla01,Lamar Odom,243203
2005,mingya01,Yao Ming,2558578
2005,millebr01,Brad Miller,429413
2005,cambyma01,Marcus Camby,313214
2005,nestera01,Rasho Nesterovic,256286
2005,dampier01,Erick Dampier,245534
2006,iversal01,Allen Iverson,2062206
2006,wadedw01,Dwyane Wade,1499664
2006,cartevi01,Vince Carter,1294373
2006,billuch01,Chauncey Billups,717006
2006,kiddja01,Jason Kidd,594352
2006,hamilri01,Richard Hamilton,474895
2006,arenagi01,Gilbert Arenas,453971
2006,francst01,Steve Francis,438892
2006,fordtj01,T.J. Ford,210570
2006,paytoga01,Gary Payton,194424
2006,jamesle01,LeBron James,2207697
2006,onealje01,Jermaine O'Neal,1291836
2006,wallara01,Rasheed Wallace,866932
2006,webbech01,Chris Webber,584579
2006,hillgr01,Grant Hill,482336
2006,princta01,Tayshaun Prince,481652
2006,piercpa01,Paul Pierce,441218
2006,boshch01,Chris Bosh,352033
2006,jefferi01,Richard Jefferson,307771
2006,howardw01,Dwight Howard,299876
2006,onealsh01,Shaquille O'Neal,2192542
2006,wallabe01,Ben Wallace,1234687
2006,ilgauzy01,Zydrunas Ilgauskas,244322
2006,bogutan01,Andrew Bogut,209705
2006,olowomi01,Michael Olowokandi,147110
2006,bryanko01,Kobe Bryant,2271631
2006,nashst01,Steve Nash,1818230
2006,ginobma01,Manu Ginobili,900935
2006,allenra02,Ray Allen,693892
2006,parketo01,Tony Parker,646739
2006,davisba01,Baron Davis,416811
2006,richaja01,Jason Richardson,303362
2006,wesleda01,David Wesley,280296
2006,bibbymi01,Mike Bibby,266378
2006,cassesa01,Sam Cassell,242456
2006,mcgratr01,Tracy McGrady,1818932
2006,duncati01,Tim Duncan,1518796
2006,garneke01,Kevin Garnett,1479386
2006,gasolpa01,Pau Gasol,662916
2006,nowitdi01,Dirk Nowitzki,626083
2006,artesro01,Metta World Peace,502886
2006,anthoca01,Carmelo Anthony,458410
2006,brandel01,Elton Brand,442056
2006,mariosh01,Shawn Marion,285505
2006,stoudam01,Amar'e Stoudemire,270109
2006,mingya01,Yao Ming,2342738
2006,cambyma01,Marcus Camby,859086
2006,okurme01,Mehmet Okur,494261
2006,mihmch01,Chris Mihm,276556
2006,millebr01,Brad Miller,222383
2007,wadedw01,Dwyane Wade,2029591
2007,arenagi01,Gilbert Arenas,1454166
2007,cartevi01,Vince Carter,1451156
2007,kiddja01,Jason Kidd,838486
2007,billuch01,Chauncey Billups,499670
2007,marbust01,Stephon Marbury,458181
2007,reddmi01,Michael Redd,351277
2007,gordobe01,Ben Gordon,316428
2007,francst01,Steve Francis,307287
2007,hamilri01,Richard Hamilton,306547
2007,jamesle01,LeBron James,2516049
2007,boshch01,Chris Bosh,1091263
2007,onealje01,Jermaine O'Neal,934749
2007,hillgr01,Grant Hill,677423
2007,piercpa01,Paul Pierce,615911
2007,wallara01,Rasheed Wallace,549693
2007,iguodan01,Andre Iguodala,459139
2007,princta01,Tayshaun Prince,408936
2007,butleca01,Caron Butler,404489
2007,okafoem01,Emeka Okafor,388170
2007,onealsh01,Shaquille O'Neal,1622446
2007,howardw01,Dwight Howard,1464613
2007,wallabe01,Ben Wallace,788950
2007,mournal01,Alonzo Mourning,338904
2007,bogutan01,Andrew Bogut,256579
2007,bryanko01,Kobe Bryant,2138777
2007,mcgratr01,Tracy McGrady,1942746
2007,iversal01,Allen Iverson,1813638
2007,nashst01,Steve Nash,1504826
2007,ginobma01,Manu Ginobili,541341
2007,parketo01,Tony Parker,501429
2007,paulch01,Chris Paul,462206
2007,allenra02,Ray Allen,444443
2007,terryja01,Jason Terry,421924
2007,davisba01,Baron Davis,354412
2007,garneke01,Kevin Garnett,1616575
2007,duncati01,Tim Duncan,1436584
2007,anthoca01,Carmelo Anthony,1309945
2007,nowitdi01,Dirk Nowitzki,1276304
2007,battish01,Shane Battier,1025643
2007,mariosh01,Shawn Marion,551173
2007,odomla01,Lamar Odom,438824
2007,howarjo01,Josh Howard,412102
2007,gasolpa01,Pau Gasol,364459
2007,boozeca01,Carlos Boozer,359882
2007,mingya01,Yao Ming,2451718
2007,stoudam01,Amar'e Stoudemire,1209333
2007,dampier01,Erick Dampier,385179
2007,cambyma01,Marcus Camby,373382
2007,okurme01,Mehmet Okur,339247
2008,wadedw01,Dwyane Wade,1608260
2008,kiddja01,Jason Kidd,1246386
2008,allenra02,Ray Allen,1061740
2008,cartevi01,Vince Carter,981050
2008,arenagi01,Gilbert Arenas,797502
2008,billuch01,Chauncey Billups,625772
2008,reddmi01,Michael Redd,375243
2008,hamilri01,Richard Hamilton,308357
2008,johnsjo02,Joe Johnson,253308
2008,fordtj01,T.J. Ford,253216
2008,garneke01,Kevin Garnett,2399148
2008,jamesle01,LeBron James,2108831
2008,boshch01,Chris Bosh,838498
2008,piercpa01,Paul Pierce,574159
2008,jianlyi01,Yi Jianlian,450515
2008,butleca01,Caron Butler,340619
2008,turkohe01,Hedo Turkoglu,301038
2008,bargnan01,Andrea Bargnani,293200
2008,princta01,Tayshaun Prince,280369
2008,lewisra02,Rashard Lewis,240725
2008,howardw01,Dwight Howard,2066991
2008,onealsh01,Shaquille O'Neal,965171
2008,wallara01,Rasheed Wallace,303978
2008,bogutan01,Andrew Bogut,283576
2008,wallabe01,Ben Wallace,256604
2008,bryanko01,Kobe Bryant,2004940
2008,iversal01,Allen Iverson,1203152
2008,mcgratr01,Tracy McGrady,1192742
2008,nashst01,Steve Nash,1174125
2008,paulch01,Chris Paul,563525
2008,ginobma01,Manu Ginobili,541148
2008,parketo01,Tony Parker,500009
2008,davisba01,Baron Davis,499186
2008,terryja01,Jason Terry,300125
2008,stackje01,Jerry Stackhouse,270412
2008,anthoca01,Carmelo Anthony,1723701
2008,duncati01,Tim Duncan,1712800
2008,nowitdi01,Dirk Nowitzki,1259025
2008,boozeca01,Carlos Boozer,553624
2008,mariosh01,Shawn Marion,514142
2008,battish01,Shane Battier,475483
2008,duranke01,Kevin Durant,463187
2008,scolalu01,Luis Scola,424470
2008,howarjo01,Josh Howard,423973
2008,hillgr01,Grant Hill,389672
2008,mingya01,Yao Ming,1709180
2008,stoudam01,Amar'e Stoudemire,998969
2008,cambyma01,Marcus Camby,412563
2008,chandty01,Tyson Chandler,289593
2008,dampier01,Erick Dampier,254662
2009,wadedw01,Dwyane Wade,2741413
2009,iversal01,Allen Iverson,1804649
2009,cartevi01,Vince Carter,1239613
2009,harride01,Devin Harris,1182406
2009,ridnolu01,Luke Ridnour,1039902
2009,allenra02,Ray Allen,851205
2009,arenagi01,Gilbert Arenas,635540
2009,rosede01,Derrick Rose,474384
2009,caldejo01,Jose Calderon,445584
2009,johnsjo02,Joe Johnson,420210
2009,jamesle01,LeBron James,2940823
2009,garneke01,Kevin Garnett,2066833
2009,jianlyi01,Yi Jianlian,1813829
2009,piercpa01,Paul Pierce,1238763
2009,boshch01,Chris Bosh,1101052
2009,turkohe01,Hedo Turkoglu,632051
2009,mariosh01,Shawn Marion,405573
2009,grangda01,Danny Granger,365810
2009,smithjo03,Josh Smith,321129
2009,princta01,Tayshaun Prince,274540
2009,howardw01,Dwight Howard,3150181
2009,perkike01,Kendrick Perkins,621709
2009,wallara01,Rasheed Wallace,402991
2009,dalemsa01,Samuel Dalembert,396119
2009,bogutan01,Andrew Bogut,357997
2009,bryanko01,Kobe Bryant,2805397
2009,paulch01,Chris Paul,2134798
2009,mcgratr01,Tracy McGrady,1678516
2009,ginobma01,Manu Ginobili,1642350
2009,parketo01,Tony Parker,1084361
2009,nashst01,Steve Nash,677211
2009,crawfja01,Jamal Crawford,665038
2009,alstora01,Rafer Alston,550199
2009,kiddja01,Jason Kidd,477792
2009,roybr01,Brandon Roy,468688
2009,duncati01,Tim Duncan,2578168
2009,stoudam01,Amar'e Stoudemire,1460429
2009,bowenbr01,Bruce Bowen,1392398
2009,artesro01,Metta World Peace,1362565
2009,anthoca01,Carmelo Anthony,1337519
2009,nowitdi01,Dirk Nowitzki,1107926
2009,gasolpa01,Pau Gasol,948301
2009,battish01,Shane Battier,694112
2009,aldrila01,LaMarcus Aldridge,497550
2009,scolalu01,Luis Scola,405851
2009,mingya01,Yao Ming,2532958
2009,onealsh01,Shaquille O'Neal,1850018
2009,bynuman01,Andrew Bynum,549131
2009,okurme01,Mehmet Okur,437106
2009,odengr01,Greg Oden,359318
2010,wadedw01,Dwyane Wade,2327550
2010,iversal01,Allen Iverson,1269568
2010,cartevi01,Vince Carter,1048977
2010,allenra02,Ray Allen,710045
2010,rosede01,Derrick Rose,571911
2010,arenagi01,Gilbert Arenas,545860
2010,johnsjo02,Joe Johnson,496255
2010,rondora01,Rajon Rondo,425590
2010,caldejo01,Jose Calderon,292909
2010,bibbymi01,Mike Bibby,223759
2010,jamesle01,LeBron James,2549693
2010,garneke01,Kevin Garnett,1978116
2010,boshch01,Chris Bosh,1164007
2010,piercpa01,Paul Pierce,525677
2010,smithjo03,Josh Smith,475671
2010,iguodan01,Andre Iguodala,313827
2010,grangda01,Danny Granger,309808
2010,lewisra02,Rashard Lewis,302743
2010,beaslmi01,Michael Beasley,277400
2010,turkohe01,Hedo Turkoglu,213369
2010,howardw01,Dwight Howard,2360096
2010,onealsh01,Shaquille O'Neal,856056
2010,horfoal01,Al Horford,270532
2010,bargnan01,Andrea Bargnani,265024
2010,lopezbr01,Brook Lopez,223246
2010,bryanko01,Kobe Bryant,2456224
2010,nashst01,Steve Nash,1222235
2010,paulch01,Chris Paul,1055789
2010,mcgratr01,Tracy McGrady,1022492
2010,brookaa01,Aaron Brooks,591930
2010,kiddja01,Jason Kidd,523708
2010,ginobma01,Manu Ginobili,465211
2010,billuch01,Chauncey Billups,452983
2010,parketo01,Tony Parker,439536
2010,roybr01,Brandon Roy,422290
2010,anthoca01,Carmelo Anthony,2137560
2010,duncati01,Tim Duncan,1156696
2010,nowitdi01,Dirk Nowitzki,1093005
2010,gasolpa01,Pau Gasol,1051785
2010,duranke01,Kevin Durant,870567
2010,arizatr01,Trevor Ariza,645937
2010,scolalu01,Luis Scola,580243
2010,artesro01,Metta World Peace,368281
2010,mariosh01,Shawn Marion,363516
2010,aldrila01,LaMarcus Aldridge,309497
2010,stoudam01,Amar'e Stoudemire,1824093
2010,bynuman01,Andrew Bynum,981355
2010,hilarne01,Nene Hilario,364534
2010,gasolma01,Marc Gasol,353155
2010,mcdyean01,Antonio McDyess,328717
2011,wadedw01,Dwyane Wade,2048175
2011,rosede01,Derrick Rose,1914996
2011,rondora01,Rajon Rondo,1587297
2011,allenra02,Ray Allen,890951
2011,feltora01,Raymond Felton,397301
2011,walljo01,John Wall,337368
2011,arenagi01,Gilbert Arenas,312903
2011,jennibr01,Brandon Jennings,301225
2011,crawfja01,Jamal Crawford,246130
2011,johnsjo02,Joe Johnson,224571
2011,jamesle01,LeBron James,2053011
2011,stoudam01,Amar'e Stoudemire,1674995
2011,garneke01,Kevin Garnett,1407601
2011,piercpa01,Paul Pierce,804838
2011,boshch01,Chris Bosh,571734
2011,boozeca01,Carlos Boozer,504610
2011,gallida01,Danilo Gallinari,390658
2011,smithjo03,Josh Smith,387843
2011,denglu01,Luol Deng,291118
2011,grangda01,Danny Granger,279522
2011,howardw01,Dwight Howard,2099204
2011,onealsh01,Shaquille O'Neal,906284
2011,noahjo01,Joakim Noah,432127
2011,bogutan01,Andrew Bogut,301896
2011,horfoal01,Al Horford,287083
2011,bryanko01,Kobe Bryant,2380016
2011,paulch01,Chris Paul,1281591
2011,ginobma01,Manu Ginobili,748840
2011,nashst01,Steve Nash,718934
2011,westbru01,Russell Westbrook,660244
2011,willide01,Deron Williams,657806
2011,parketo01,Tony Parker,436958
2011,kiddja01,Jason Kidd,394793
2011,ellismo01,Monta Ellis,390237
2011,cartevi01,Vince Carter,353143
2011,duranke01,Kevin Durant,1736728
2011,anthoca01,Carmelo Anthony,1299849
2011,gasolpa01,Pau Gasol,1100772
2011,griffbl01,Blake Griffin,1033646
2011,duncati01,Tim Duncan,839599
2011,nowitdi01,Dirk Nowitzki,785120
2011,odomla01,Lamar Odom,529854
2011,loveke01,Kevin Love,492173
2011,scolalu01,Luis Scola,411576
2011,gayru01,Rudy Gay,284021
2011,mingya01,Yao Ming,1146426
2011,bynuman01,Andrew Bynum,974546
2011,hilarne01,Nene Hilario,599048
2011,gasolma01,Marc Gasol,524932
2011,okafoem01,Emeka Okafor,435218
2012,rosede01,Derrick Rose,1514723
2012,wadedw01,Dwyane Wade,1334223
2012,rondora01,Rajon Rondo,547110
2012,allenra02,Ray Allen,382147
2012,willide01,Deron Williams,208697
2012,caldejo01,Jose Calderon,132167
2012,hamilri01,Richard Hamilton,111368
2012,walljo01,John Wall,96606
2012,irvinky01,Kyrie Irving,96346
2012,johnsjo02,Joe Johnson,66145
2012,jamesle01,LeBron James,1360680
2012,anthoca01,Carmelo Anthony,1041290
2012,stoudam01,Amar'e Stoudemire,383734
2012,garneke01,Kevin Garnett,367914
2012,boshch01,Chris Bosh,324605
2012,denglu01,Luol Deng,276205
2012,piercpa01,Paul Pierce,215020
2012,boozeca01,Carlos Boozer,175828
2012,bargnan01,Andrea Bargnani,152362
2012,smithjo03,Josh Smith,119638
2012,howardw01,Dwight Howard,1600390
2012,noahjo01,Joakim Noah,236497
2012,chandty01,Tyson Chandler,163077
2012,anthojo01,Joel Anthony,101307
2012,mcgeeja01,JaVale McGee,63765
2012,bryanko01,Kobe Bryant,1555479
2012,paulch01,Chris Paul,1138743
2012,rubiori01,Ricky Rubio,397456
2012,nashst01,Steve Nash,276268
2012,westbru01,Russell Westbrook,262186
2012,lowryky01,Kyle Lowry,185584
2012,ellismo01,Monta Ellis,156603
2012,billuch01,Chauncey Billups,120961
2012,kiddja01,Jason Kidd,114924
2012,ginobma01,Manu Ginobili,111273
2012,duranke01,Kevin Durant,1345566
2012,griffbl01,Blake Griffin,876451
2012,gasolpa01,Pau Gasol,470353
2012,nowitdi01,Dirk Nowitzki,468435
2012,loveke01,Kevin Love,373880
2012,aldrila01,LaMarcus Aldridge,279500
2012,duncati01,Tim Duncan,185069
2012,odomla01,Lamar Odom,142830
2012,gallida01,Danilo Gallinari,110245
2012,gayru01,Rudy Gay,95228
2012,bynuman01,Andrew Bynum,1051945
2012,jordade01,DeAndre Jordan,322056
2012,gasolma01,Marc Gasol,285525
2012,hilarne01,Nene Hilario,207102
2012,gortama01,Marcin Gortat,136168
